id,slug,recensione,voti,locandina,scheda,immagini_mancanti
"19","nasce-cafolavori-it",false,false,false,"",0
"53","caccia-al-ragno-assassino",true,true,true,"titoloOriginale|regia|durata|nazionalita|frase",0
"89","bitch-slap",true,true,true,"titoloOriginale|regia|durata|nazionalita|frase",0
"92","legion-2",true,true,true,"titoloOriginale|regia|durata|nazionalita",0
"130","e-mori-con-un-felafel-in-mano",true,true,true,"regia|durata|nazionalita|frase",0
"274","robocop-tre",true,true,false,"titoloOriginale|regia|durata|nazionalita|frase",1
"141","darkhunters",true,true,false,"titoloOriginale|regia|cast|durata|nazionalita|frase",1
"153","le-scimmie-assassine",true,true,false,"titoloOriginale|regia|durata|nazionalita|frase",1
"181","immortal-ad-vitam",true,true,true,"titoloOriginale|regia|durata|nazionalita",0
"223","cowboys-and-aliens",true,true,false,"titoloOriginale|regia|cast|durata|nazionalita|frase",1
"240","shrooms-trip-senza-ritorno",true,true,true,"titoloOriginale|regia|durata|nazionalita|frase",0
"254","il-profeta",true,true,true,"titoloOriginale|regia|durata|nazionalita",0
"359","el-dia-de-la-bestia",true,true,true,"titoloOriginale|regia|cast|durata|nazionalita|frase",0
"286","dylan-dog-il-film",true,true,true,"titoloOriginale|regia|durata|nazionalita|frase",0
"322","i-predatori-della-citta-perduta",true,true,true,"regia|nazionalita|frase",0
"387","frozen",true,true,true,"titoloOriginale|regia|cast|durata|nazionalita|frase",0
"373","dragon-wars",true,true,true,"titoloOriginale|regia|nazionalita|frase",0
"415","idominatori-dell-universo",true,true,true,"titoloOriginale|regia|cast|durata|nazionalita|anno|frase",0
"397","dead-snow",true,true,true,"regia|nazionalita|frase",0
"500","frankenfish-pescimutanti",true,true,true,"titoloOriginale|regia|cast|durata|nazionalita|anno|frase",0
"567","sono-il-numero-4",true,true,true,"titoloOriginale|regia|cast|durata|nazionalita|anno|frase",0
"717","talos-lombra-del-faraone",true,true,true,"titoloOriginale|regia|cast|durata|nazionalita|anno|frase",0
"518","lultimo-dei-templari",true,true,true,"titoloOriginale|regia|cast|durata|nazionalita|anno|frase",0
"634","spawn",true,true,true,"titoloOriginale|regia|cast|durata|nazionalita|anno|frase",0
"535","thelostfuture",true,true,false,"regia|nazionalita|anno|frase",1
"549","thewarriorsway",true,true,true,"titoloOriginale|regia|cast|durata|nazionalita|anno|frase",0
"651","world-invasion",true,true,true,"titoloOriginale|regia|cast|durata|nazionalita|anno|frase",0
"773","blindato",true,true,false,"titoloOriginale|regia|cast|durata|nazionalita|anno|frase",1
"750","jennifers-body",true,true,true,"titoloOriginale|regia|cast|durata|nazionalita|anno|frase",0
"752","tenaciousd-e-il-destino-del-rock",true,true,true,"titoloOriginale|regia|cast|durata|nazionalita|anno|frase",0
"809","virtuality",true,true,true,"titoloOriginale|regia|cast|durata|nazionalita|anno|frase",0
"836","atm-trappola-mortale",true,true,true,"titoloOriginale|regia|cast|durata|nazionalita|anno|frase",0
"863","the-woman-in-black",true,false,false,"titoloOriginale|regia|cast|durata|nazionalita|anno|frase",1
"877","i-tre-moschettieri",true,true,true,"titoloOriginale|regia|cast|durata|nazionalita|anno|frase",0
"910","ghost-rider-sprito-di-vendetta",true,true,true,"titoloOriginale|regia|cast|durata|nazionalita|anno|frase",0
"937","paranormal-xperience-3d",true,true,true,"titoloOriginale|regia|cast|durata|nazionalita|anno|frase",0
"903","codice-genesi",true,true,false,"titoloOriginale|regia|cast|durata|nazionalita|anno|frase",1
"924","ninja",true,true,true,"titoloOriginale|regia|cast|durata|nazionalita|anno|frase",0
"950","heartless",true,true,true,"titoloOriginale|regia|cast|durata|nazionalita|anno|frase",0
"959","plaga-zombie-zona-mutante",true,true,true,"titoloOriginale|regia|cast|durata|nazionalita|anno|frase",0
"970","laltra-faccia-del-diavolo",true,false,true,"titoloOriginale|regia|cast|durata|nazionalita|anno|frase",0
"979","chronicle",true,true,true,"titoloOriginale|regia|cast|durata|nazionalita|anno|frase",0
"1006","biancaneve2012",true,true,false,"titoloOriginale|regia|cast|durata|nazionalita|anno|frase",1
"1021","ninja-contro-alieni",true,true,true,"titoloOriginale|regia|cast|durata|nazionalita|anno|frase",0
"1038","viaggio-nellisola-misteriosa",true,true,false,"titoloOriginale|regia|cast|durata|nazionalita|anno|frase",1
"1046","la-guerra-dei-mondi",true,true,true,"titoloOriginale|regia|cast|durata|nazionalita|anno|frase",0
"1080","thor-il-martello-degli-dei",true,true,false,"titoloOriginale|regia|cast|durata|nazionalita|anno|frase",1
"1098","skyline",true,true,true,"titoloOriginale|regia|cast|durata|nazionalita|anno|frase",0
"1126","in-the-name-of-the-king",true,true,true,"titoloOriginale|regia|cast|durata|nazionalita|anno|frase",0
"1151","biancaneve-e-il-cacciatore",true,true,true,"titoloOriginale|regia|cast|durata|nazionalita|anno|frase",0
"1291","quella-casa-nel-bosco",true,true,true,"titoloOriginale|regia|cast|durata|nazionalita|anno|frase",0
"1185","100-million-bc-la-guerra-dei-dinosauri",true,true,true,"titoloOriginale|regia|cast|durata|nazionalita|anno|frase",0
"1223","ultimatum-alla-terra",true,true,false,"titoloOriginale|regia|cast|durata|nazionalita|anno|frase",1
"1253","meteor-distruzione-finale",true,true,true,"titoloOriginale|regia|cast|durata|nazionalita|anno|frase",0
"1232","magnifica-presenza",true,true,true,"titoloOriginale|regia|cast|durata|nazionalita|anno|frase",0
"1298","your-highness",true,true,true,"titoloOriginale|regia|cast|durata|nazionalita|anno|frase",0
"1325","death-tunnel-la-maledizione",true,true,false,"titoloOriginale|regia|cast|durata|nazionalita|anno|frase",1
"1343","la-spaventapassere",true,true,true,"titoloOriginale|regia|cast|durata|nazionalita|anno|frase",0
"1358","nicolas-cage",false,false,false,"",0
"1404","il-cavaliere-del-santo-graal",true,true,true,"titoloOriginale|regia|cast|durata|nazionalita|anno|frase",0
"1435","nuova-sezione-cafo-attori",false,false,false,"",0
"1466","shark3d",true,true,false,"titoloOriginale|regia|cast|durata|nazionalita|anno|frase",1
"1484","black-death-un-viaggio-allinferno",true,true,true,"titoloOriginale|regia|cast|durata|nazionalita|anno|frase",0
"1473","shadow-lombra",true,true,false,"titoloOriginale|regia|cast|durata|nazionalita|anno|frase",1
"1491","steven-seagal",false,false,false,"",1
"1547","vampireparty",true,true,true,"titoloOriginale|regia|cast|durata|nazionalita|anno|frase",0
"1643","outlander-lultimo-vichingo",true,true,true,"titoloOriginale|regia|cast|durata|nazionalita|anno|frase",0
"1590","eragon",true,true,true,"titoloOriginale|regia|cast|durata|nazionalita|anno|frase",0
"1558","la-mano-infernale",true,true,false,"titoloOriginale|regia|cast|durata|nazionalita|anno|frase",1
"1608","la-leggenda-del-cacciatore-di-vampiri",true,true,true,"titoloOriginale|regia|cast|durata|nazionalita|anno|frase",0
"1626","tokyo-gore-police",true,true,false,"titoloOriginale|regia|cast|durata|nazionalita|anno|frase",1
"1717","la-spada-della-verita",true,true,true,"titoloOriginale|regia|cast|stagioni|stato|nazionalita|anno|frase",0
"1674","goodasyou",true,true,false,"titoloOriginale|regia|cast|durata|nazionalita|anno|frase",1
"1690","the-breed-la-razza-del-male",true,true,true,"titoloOriginale|regia|cast|durata|nazionalita|anno|frase",0
"1768","goodbye-mama",true,true,true,"titoloOriginale|regia|cast|durata|nazionalita|anno|frase",0
"1811","luomo-con-i-pugni-di-ferro",true,true,true,"titoloOriginale|regia|cast|durata|nazionalita|anno|frase",0
"1724","vulkan",true,true,false,"titoloOriginale|regia|cast|durata|nazionalita|anno|frase",1
"1933","after-earth",true,true,true,"titoloOriginale|regia|cast|durata|nazionalita|anno|frase",0
"1824","fido",true,true,true,"titoloOriginale|regia|cast|durata|nazionalita|anno|frase",0
"1837","il-re-scorpione-3-la-battaglia-finale",true,true,true,"titoloOriginale|regia|cast|durata|nazionalita|anno|frase",0
"1861","pacific-rim",true,true,true,"titoloOriginale|regia|cast|durata|nazionalita|anno|frase",0
"1899","nymphs",false,false,false,"titoloOriginale|ideatore|cast|stagioni|stato|nazionalita|anno|frase",0
"1871","lightspeed",true,true,true,"titoloOriginale|regia|cast|durata|nazionalita|anno|frase",0
"1884","elysium",true,true,true,"titoloOriginale|regia|cast|durata|nazionalita|anno|frase",0
"1921","il-regno-del-fuoco",true,true,true,"titoloOriginale|regia|cast|durata|nazionalita|anno|frase",0
"2040","highwaymen-banditi-della-strada",true,true,true,"titoloOriginale|regia|cast|durata|nazionalita|anno|frase",0
"2007","crank-high-voltage",true,true,true,"titoloOriginale|regia|cast|durata|nazionalita|anno|frase",0
"2028","tartarughe-ninja",true,true,true,"titoloOriginale|regia|cast|durata|nazionalita|anno|frase",0
"2075","2075",true,true,true,"titoloOriginale|regia|cast|durata|nazionalita|anno|frase",0
"2089","tutto-moltobello",true,true,true,"titoloOriginale|regia|cast|durata|nazionalita|anno|frase",0
"2094","paolo-ruffini",false,false,false,"",2
"2116","remaining",true,true,true,"titoloOriginale|regia|cast|durata|nazionalita|anno|frase",0
"2135","i-cavalieri-dello-zodiaco-la-leggenda-del-grande-tempio",true,true,true,"titoloOriginale|regia|cast|durata|nazionalita|anno|frase",0
"2147","18aprile2015",true,true,true,"titoloOriginale|regia|cast|durata|nazionalita|anno|frase",0
"2171","il-settimo-figlio",true,true,true,"titoloOriginale|regia|cast|durata|nazionalita|anno|frase",0
"2189","hansel-e-gretel-e-la-strega-della-foresta-nera",true,true,true,"titoloOriginale|regia|cast|durata|nazionalita|anno|frase",0
"2228","the-way-of-war-sentieri-di-guerra",true,true,true,"titoloOriginale|regia|cast|durata|nazionalita|anno|frase",0
"2238","atlanticrim",true,true,true,"titoloOriginale|regia|cast|durata|nazionalita|anno|frase",0
"2267","gods-of-egypt",true,true,true,"titoloOriginale|regia|cast|durata|nazionalita|anno|frase",0
"2296","the-transporter-legacy",true,true,true,"titoloOriginale|regia|cast|durata|nazionalita|anno|frase",0
"2310","power-rangers",true,true,true,"titoloOriginale|regia|cast|durata|nazionalita|anno|frase",0
"2378","assassins-creed",true,true,true,"titoloOriginale|regia|cast|durata|nazionalita|anno|frase",0
"29","pagina:glossario",false,false,false,"",0
"43","pagina:staff",false,false,false,"",1
"46","pagina:staff/elfflames",false,false,false,"",0
"206","pagina:la-lista",false,false,false,"",0
"309","pagina:staff/cater",false,false,false,"",0
"438","pagina:staff/saga",false,false,false,"",0
"526","pagina:staff/nomadion",false,false,false,"",0
"1322","pagina:matt",false,false,false,"",0
